{
    "ambientocclusion": false,
    "textures": {
        "particle": "blocks/hardened_clay_stained_lime",
        "base": "blocks/hardened_clay_stained_lime",
        "outline": "blocks/hardened_clay_stained_lime_outline"
    },
    "elements": [
				{
			"from": [1, 1, 0],
			"to": [15, 15, 1],
			"rotation": {"angle": 0, "axis": "y", "origin": [9, 9, 8]},
			"faces": {
				"north": {"uv": [1, 1, 15, 15], "texture": "#base"},
				"east": {"uv": [0, 0, 1, 14], "texture": "#base"},
				"south": {"uv": [0, 0, 14, 14], "texture": "#base"},
				"west": {"uv": [0, 0, 1, 14], "texture": "#base"},
				"up": {"uv": [0, 0, 14, 1], "texture": "#base"},
				"down": {"uv": [0, 0, 14, 1], "texture": "#base"}
			}
		},
		{
			"from": [1, 1, 15],
			"to": [15, 15, 16],
			"rotation": {"angle": 0, "axis": "y", "origin": [9, 9, 23]},
			"faces": {
				"north": {"uv": [0, 0, 14, 14], "texture": "#base"},
				"east": {"uv": [0, 0, 1, 14], "texture": "#base"},
				"south": {"uv": [1, 1, 15, 15], "texture": "#base"},
				"west": {"uv": [0, 0, 1, 14], "texture": "#base"},
				"up": {"uv": [0, 0, 14, 1], "texture": "#base"},
				"down": {"uv": [0, 0, 14, 1], "texture": "#base"}
			}
		},
		{
			"from": [0, 1, 1],
			"to": [1, 15, 15],
			"rotation": {"angle": 0, "axis": "y", "origin": [8, 9, 9]},
			"faces": {
				"north": {"uv": [0, 0, 1, 14], "texture": "#base"},
				"east": {"uv": [0, 0, 14, 14], "texture": "#base"},
				"south": {"uv": [0, 0, 1, 14], "texture": "#base"},
				"west": {"uv": [1, 1, 15, 15], "texture": "#base"},
				"up": {"uv": [0, 0, 1, 14], "texture": "#base"},
				"down": {"uv": [0, 0, 1, 14], "texture": "#base"}
			}
		},
		{
			"from": [15, 1, 1],
			"to": [16, 15, 15],
			"rotation": {"angle": 0, "axis": "y", "origin": [23, 9, 9]},
			"faces": {
				"north": {"uv": [0, 0, 1, 14], "texture": "#base"},
				"east": {"uv": [1, 1, 15, 15], "texture": "#base"},
				"south": {"uv": [0, 0, 1, 14], "texture": "#base"},
				"west": {"uv": [0, 0, 14, 14], "texture": "#base"},
				"up": {"uv": [0, 0, 1, 14], "texture": "#base"},
				"down": {"uv": [0, 0, 1, 14], "texture": "#base"}
			}
		},
		{
			"from": [1, 0, 1],
			"to": [15, 1, 15],
			"rotation": {"angle": 0, "axis": "y", "origin": [9, 8, 9]},
			"faces": {
				"north": {"uv": [0, 0, 14, 1], "texture": "#base"},
				"east": {"uv": [0, 0, 14, 1], "texture": "#base"},
				"south": {"uv": [0, 0, 14, 1], "texture": "#base"},
				"west": {"uv": [0, 0, 14, 1], "texture": "#base"},
				"up": {"uv": [0, 0, 14, 14], "texture": "#base"},
				"down": {"uv": [1, 1, 15, 15], "texture": "#base"}
			}
		},
		{
			"from": [1, 15, 1],
			"to": [15, 16, 15],
			"rotation": {"angle": 0, "axis": "y", "origin": [9, 23, 9]},
			"faces": {
				"north": {"uv": [0, 0, 14, 1], "texture": "#base"},
				"east": {"uv": [0, 0, 14, 1], "texture": "#base"},
				"south": {"uv": [0, 0, 14, 1], "texture": "#base"},
				"west": {"uv": [0, 0, 14, 1], "texture": "#base"},
				"up": {"uv": [1, 1, 15, 15], "texture": "#base"},
				"down": {"uv": [0, 0, 14, 14], "texture": "#base"}
			}
		},
       {
			"from": [15, 0, 15],
			"to": [16, 16, 16],
			"rotation": {"angle": 0, "axis": "y", "origin": [23, 8, 23]},
			"color": 3,
			"faces": {
				"north": {"uv": [0, 0, 1, 16], "texture": "#outline"},
				"east": {"uv": [0, 0, 1, 16], "texture": "#outline"},
				"south": {"uv": [0, 0, 1, 16], "texture": "#outline"},
				"west": {"uv": [0, 0, 1, 16], "texture": "#outline"},
				"up": {"uv": [0, 0, 1, 1], "texture": "#outline"},
				"down": {"uv": [0, 0, 1, 1], "texture": "#outline"}
			}
		},
		{
			"from": [0, 0, 0],
			"to": [1, 16, 1],
			"color": 7,
			"faces": {
				"north": {"uv": [0, 0, 1, 16], "texture": "#outline"},
				"east": {"uv": [0, 0, 1, 16], "texture": "#outline"},
				"south": {"uv": [0, 0, 1, 16], "texture": "#outline"},
				"west": {"uv": [0, 0, 1, 16], "texture": "#outline"},
				"up": {"uv": [0, 0, 1, 1], "texture": "#outline"},
				"down": {"uv": [0, 0, 1, 1], "texture": "#outline"}
			}
		},
		{
			"from": [0, 0, 15],
			"to": [1, 16, 16],
			"rotation": {"angle": 0, "axis": "y", "origin": [8, 8, 23]},
			"color": 7,
			"faces": {
				"north": {"uv": [0, 0, 1, 16], "texture": "#outline"},
				"east": {"uv": [0, 0, 1, 16], "texture": "#outline"},
				"south": {"uv": [0, 0, 1, 16], "texture": "#outline"},
				"west": {"uv": [0, 0, 1, 16], "texture": "#outline"},
				"up": {"uv": [0, 0, 1, 1], "texture": "#outline"},
				"down": {"uv": [0, 0, 1, 1], "texture": "#outline"}
			}
		},
		{
			"from": [15, 0, 0],
			"to": [16, 16, 1],
			"rotation": {"angle": 0, "axis": "y", "origin": [23, 8, 8]},
			"color": 2,
			"faces": {
				"north": {"uv": [0, 0, 1, 16], "texture": "#outline"},
				"east": {"uv": [0, 0, 1, 16], "texture": "#outline"},
				"south": {"uv": [0, 0, 1, 16], "texture": "#outline"},
				"west": {"uv": [0, 0, 1, 16], "texture": "#outline"},
				"up": {"uv": [0, 0, 1, 1], "texture": "#outline"},
				"down": {"uv": [0, 0, 1, 1], "texture": "#outline"}
			}
		},
		{
			"from": [1, 0, 0],
			"to": [15, 1, 1],
			"rotation": {"angle": 0, "axis": "y", "origin": [9, 8, 8]},
			"color": 3,
			"faces": {
				"north": {"uv": [0, 0, 14, 1], "texture": "#outline"},
				"east": {"uv": [0, 0, 1, 1], "texture": "#outline"},
				"south": {"uv": [0, 0, 14, 1], "texture": "#outline"},
				"west": {"uv": [0, 0, 1, 1], "texture": "#outline"},
				"up": {"uv": [0, 0, 14, 1], "texture": "#outline"},
				"down": {"uv": [0, 0, 14, 1], "texture": "#outline"}
			}
		},
		{
			"from": [1, 15, 0],
			"to": [15, 16, 1],
			"rotation": {"angle": 0, "axis": "y", "origin": [9, 23, 8]},
			"color": 3,
			"faces": {
				"north": {"uv": [0, 0, 14, 1], "texture": "#outline"},
				"east": {"uv": [0, 0, 1, 1], "texture": "#outline"},
				"south": {"uv": [0, 0, 14, 1], "texture": "#outline"},
				"west": {"uv": [0, 0, 1, 1], "texture": "#outline"},
				"up": {"uv": [0, 0, 14, 1], "texture": "#outline"},
				"down": {"uv": [0, 0, 14, 1], "texture": "#outline"}
			}
		},
		{
			"from": [1, 0, 15],
			"to": [15, 1, 16],
			"rotation": {"angle": 0, "axis": "y", "origin": [9, 8, 23]},
			"color": 3,
			"faces": {
				"north": {"uv": [0, 0, 14, 1], "texture": "#outline"},
				"east": {"uv": [0, 0, 1, 1], "texture": "#outline"},
				"south": {"uv": [0, 0, 14, 1], "texture": "#outline"},
				"west": {"uv": [0, 0, 1, 1], "texture": "#outline"},
				"up": {"uv": [0, 0, 14, 1], "texture": "#outline"},
				"down": {"uv": [0, 0, 14, 1], "texture": "#outline"}
			}
		},
		{
			"from": [1, 15, 15],
			"to": [15, 16, 16],
			"rotation": {"angle": 0, "axis": "y", "origin": [9, 23, 23]},
			"color": 3,
			"faces": {
				"north": {"uv": [0, 0, 14, 1], "texture": "#outline"},
				"east": {"uv": [0, 0, 1, 1], "texture": "#outline"},
				"south": {"uv": [0, 0, 14, 1], "texture": "#outline"},
				"west": {"uv": [0, 0, 1, 1], "texture": "#outline"},
				"up": {"uv": [0, 0, 14, 1], "texture": "#outline"},
				"down": {"uv": [0, 0, 14, 1], "texture": "#outline"}
			}
		},
		{
			"from": [0, 0, 1],
			"to": [1, 1, 15],
			"rotation": {"angle": 0, "axis": "y", "origin": [8, 8, 9]},
			"color": 7,
			"faces": {
				"north": {"uv": [0, 0, 1, 1], "texture": "#outline"},
				"east": {"uv": [0, 0, 14, 1], "texture": "#outline"},
				"south": {"uv": [0, 0, 1, 1], "texture": "#outline"},
				"west": {"uv": [0, 0, 14, 1], "texture": "#outline"},
				"up": {"uv": [0, 0, 1, 14], "texture": "#outline"},
				"down": {"uv": [0, 0, 1, 14], "texture": "#outline"}
			}
		},
		{
			"from": [15, 0, 1],
			"to": [16, 1, 15],
			"rotation": {"angle": 0, "axis": "y", "origin": [23, 8, 9]},
			"color": 7,
			"faces": {
				"north": {"uv": [0, 0, 1, 1], "texture": "#outline"},
				"east": {"uv": [0, 0, 14, 1], "texture": "#outline"},
				"south": {"uv": [0, 0, 1, 1], "texture": "#outline"},
				"west": {"uv": [0, 0, 14, 1], "texture": "#outline"},
				"up": {"uv": [0, 0, 1, 14], "texture": "#outline"},
				"down": {"uv": [0, 0, 1, 14], "texture": "#outline"}
			}
		},
		{
			"from": [15, 15, 1],
			"to": [16, 16, 15],
			"rotation": {"angle": 0, "axis": "y", "origin": [23, 23, 9]},
			"color": 7,
			"faces": {
				"north": {"uv": [0, 0, 1, 1], "texture": "#outline"},
				"east": {"uv": [0, 0, 14, 1], "texture": "#outline"},
				"south": {"uv": [0, 0, 1, 1], "texture": "#outline"},
				"west": {"uv": [0, 0, 14, 1], "texture": "#outline"},
				"up": {"uv": [0, 0, 1, 14], "texture": "#outline"},
				"down": {"uv": [0, 0, 1, 14], "texture": "#outline"}
			}
		},
		{
			"from": [0, 15, 1],
			"to": [1, 16, 15],
			"rotation": {"angle": 0, "axis": "y", "origin": [8, 23, 9]},
			"color": 7,
			"faces": {
				"north": {"uv": [0, 0, 1, 1], "texture": "#outline"},
				"east": {"uv": [0, 0, 14, 1], "texture": "#outline"},
				"south": {"uv": [0, 0, 1, 1], "texture": "#outline"},
				"west": {"uv": [0, 0, 14, 1], "texture": "#outline"},
				"up": {"uv": [0, 0, 1, 14], "texture": "#outline"},
				"down": {"uv": [0, 0, 1, 14], "texture": "#outline"}
			}
		}
	]
}