{
    "ambientocclusion": false,
    "textures": {
        "particle": "blocks/hardened_clay_stained_white",
        "base": "blocks/hardened_clay_stained_white",
        "outline": "blocks/hardened_clay_stained_white_outline"
    },
    "elements": [
			{
			"from": [0.5, 0, 0.5],
			"to": [15.5, 0.5, 15.5],
			"rotation": {"angle": 0, "axis": "y", "origin": [8.5, 8, 8.5]},
			"faces": {
				"north": {"uv": [0, 0, 7.5, 0.25], "texture": "#base"},
				"east": {"uv": [0, 0, 7.5, 0.25], "texture": "#base"},
				"south": {"uv": [0, 0, 7.5, 0.25], "texture": "#base"},
				"west": {"uv": [0, 0, 7.5, 0.25], "texture": "#base"},
				"up": {"uv": [0, 0, 7.5, 7.5], "texture": "#base"},
				"down": {"uv": [0.5, 0.5, 15.5, 15.5], "texture": "#base"}
			}
		},
		{
			"from": [0.5, 15.5, 0.5],
			"to": [15.5, 16, 15.5],
			"rotation": {"angle": 0, "axis": "y", "origin": [8.5, 23.5, 8.5]},
			"faces": {
				"north": {"uv": [0, 0, 7.5, 0.25], "texture": "#base"},
				"east": {"uv": [0, 0, 7.5, 0.25], "texture": "#base"},
				"south": {"uv": [0, 0, 7.5, 0.25], "texture": "#base"},
				"west": {"uv": [0, 0, 7.5, 0.25], "texture": "#base"},
				"up": {"uv": [0.5, 0.5, 15.5, 15.5], "texture": "#base"},
				"down": {"uv": [0, 0, 7.5, 7.5], "texture": "#base"}
			}
		},
		{
			"from": [0.5, 0.5, 0],
			"to": [15.5, 15.5, 0.5],
			"rotation": {"angle": 0, "axis": "y", "origin": [8.5, 8.5, 8]},
			"faces": {
				"north": {"uv": [0.5, 0.5, 15.5, 15.5], "texture": "#base"},
				"east": {"uv": [0, 0, 0.25, 7.5], "texture": "#base"},
				"south": {"uv": [0, 0, 7.5, 7.5], "texture": "#base"},
				"west": {"uv": [0, 0, 0.25, 7.5], "texture": "#base"},
				"up": {"uv": [0, 0, 7.5, 0.25], "texture": "#base"},
				"down": {"uv": [0, 0, 7.5, 0.25], "texture": "#base"}
			}
		},
		{
			"from": [0.5, 0.5, 15.5],
			"to": [15.5, 15.5, 16],
			"rotation": {"angle": 0, "axis": "y", "origin": [8.5, 8.5, 23.5]},
			"faces": {
				"north": {"uv": [0, 0, 7.5, 7.5], "texture": "#base"},
				"east": {"uv": [0, 0, 0.25, 7.5], "texture": "#base"},
				"south": {"uv": [0.5, 0.5, 15.5, 15.5], "texture": "#base"},
				"west": {"uv": [0, 0, 0.25, 7.5], "texture": "#base"},
				"up": {"uv": [0, 0, 7.5, 0.25], "texture": "#base"},
				"down": {"uv": [0, 0, 7.5, 0.25], "texture": "#base"}
			}
		},
		{
			"from": [0, 0.5, 0.5],
			"to": [0.5, 15.5, 15.5],
			"rotation": {"angle": 0, "axis": "y", "origin": [8, 8.5, 8.5]},
			"faces": {
				"north": {"uv": [0, 0, 0.25, 7.5], "texture": "#base"},
				"east": {"uv": [0, 0, 7.5, 7.5], "texture": "#base"},
				"south": {"uv": [0, 0, 0.25, 7.5], "texture": "#base"},
				"west": {"uv": [0.5, 0.5, 15.5, 15.5], "texture": "#base"},
				"up": {"uv": [0, 0, 0.25, 7.5], "texture": "#base"},
				"down": {"uv": [0, 0, 0.25, 7.5], "texture": "#base"}
			}
		},
		{
			"from": [15.5, 0.5, 0.5],
			"to": [16, 15.5, 15.5],
			"rotation": {"angle": 0, "axis": "y", "origin": [23.5, 8.5, 8.5]},
			"faces": {
				"north": {"uv": [0, 0, 0.25, 7.5], "texture": "#base"},
				"east": {"uv": [0.5, 0.5, 15.5, 15.5], "texture": "#base"},
				"south": {"uv": [0, 0, 0.25, 7.5], "texture": "#base"},
				"west": {"uv": [0, 0, 7.5, 7.5], "texture": "#base"},
				"up": {"uv": [0, 0, 0.25, 7.5], "texture": "#base"},
				"down": {"uv": [0, 0, 0.25, 7.5], "texture": "#base"}
			}
		},
{
			"from": [0, 0, 0],
			"to": [0.5, 16, 0.5],
			"color": 6,
			"faces": {
				"north": {"uv": [0, 0, 0.25, 8], "texture": "#outline"},
				"east": {"uv": [0, 0, 0.25, 8], "texture": "#outline"},
				"south": {"uv": [0, 0, 0.25, 8], "texture": "#outline"},
				"west": {"uv": [0, 0, 0.25, 8], "texture": "#outline"},
				"up": {"uv": [0, 0, 0.25, 0.25], "texture": "#outline"},
				"down": {"uv": [0, 0, 0.25, 0.25], "texture": "#outline"}
			}
		},
		{
			"from": [0, 0, 15.5],
			"to": [0.5, 16, 16],
			"rotation": {"angle": 0, "axis": "y", "origin": [8, 8, 23.5]},
			"color": 6,
			"faces": {
				"north": {"uv": [0, 0, 0.25, 8], "texture": "#outline"},
				"east": {"uv": [0, 0, 0.25, 8], "texture": "#outline"},
				"south": {"uv": [0, 0, 0.25, 8], "texture": "#outline"},
				"west": {"uv": [0, 0, 0.25, 8], "texture": "#outline"},
				"up": {"uv": [0, 0, 0.25, 0.25], "texture": "#outline"},
				"down": {"uv": [0, 0, 0.25, 0.25], "texture": "#outline"}
			}
		},
		{
			"from": [15.5, 0, 15.5],
			"to": [16, 16, 16],
			"rotation": {"angle": 0, "axis": "y", "origin": [23.5, 8, 23.5]},
			"color": 6,
			"faces": {
				"north": {"uv": [0, 0, 0.25, 8], "texture": "#outline"},
				"east": {"uv": [0, 0, 0.25, 8], "texture": "#outline"},
				"south": {"uv": [0, 0, 0.25, 8], "texture": "#outline"},
				"west": {"uv": [0, 0, 0.25, 8], "texture": "#outline"},
				"up": {"uv": [0, 0, 0.25, 0.25], "texture": "#outline"},
				"down": {"uv": [0, 0, 0.25, 0.25], "texture": "#outline"}
			}
		},
		{
			"from": [15.5, 0, 0],
			"to": [16, 16, 0.5],
			"rotation": {"angle": 0, "axis": "y", "origin": [23.5, 8, 8]},
			"color": 6,
			"faces": {
				"north": {"uv": [0, 0, 0.25, 8], "texture": "#outline"},
				"east": {"uv": [0, 0, 0.25, 8], "texture": "#outline"},
				"south": {"uv": [0, 0, 0.25, 8], "texture": "#outline"},
				"west": {"uv": [0, 0, 0.25, 8], "texture": "#outline"},
				"up": {"uv": [0, 0, 0.25, 0.25], "texture": "#outline"},
				"down": {"uv": [0, 0, 0.25, 0.25], "texture": "#outline"}
			}
		},
		{
			"from": [0, 0, 0.5],
			"to": [0.5, 0.5, 15.5],
			"rotation": {"angle": 0, "axis": "y", "origin": [7.5, 14, 10.5]},
			"color": 2,
			"faces": {
				"north": {"uv": [0, 0, 0.25, 0.25], "texture": "#outline"},
				"east": {"uv": [0, 0, 7.5, 0.25], "texture": "#outline"},
				"south": {"uv": [0, 0, 0.25, 0.25], "texture": "#outline"},
				"west": {"uv": [0, 0, 7.5, 0.25], "texture": "#outline"},
				"up": {"uv": [0, 0, 0.25, 7.5], "texture": "#outline"},
				"down": {"uv": [0, 0, 0.25, 7.5], "texture": "#outline"}
			}
		},
		{
			"from": [15.5, 0, 0.5],
			"to": [16, 0.5, 15.5],
			"rotation": {"angle": 0, "axis": "y", "origin": [23, 14, 10.5]},
			"color": 2,
			"faces": {
				"north": {"uv": [0, 0, 0.25, 0.25], "texture": "#outline"},
				"east": {"uv": [0, 0, 7.5, 0.25], "texture": "#outline"},
				"south": {"uv": [0, 0, 0.25, 0.25], "texture": "#outline"},
				"west": {"uv": [0, 0, 7.5, 0.25], "texture": "#outline"},
				"up": {"uv": [0, 0, 0.25, 7.5], "texture": "#outline"},
				"down": {"uv": [0, 0, 0.25, 7.5], "texture": "#outline"}
			}
		},
		{
			"from": [0.5, 0, 0],
			"to": [15.5, 0.5, 0.5],
			"rotation": {"angle": 0, "axis": "y", "origin": [8.5, 8, 8]},
			"color": 0,
			"faces": {
				"north": {"uv": [0, 0, 7.5, 0.25], "texture": "#outline"},
				"east": {"uv": [0, 0, 0.25, 0.25], "texture": "#outline"},
				"south": {"uv": [0, 0, 7.5, 0.25], "texture": "#outline"},
				"west": {"uv": [0, 0, 0.25, 0.25], "texture": "#outline"},
				"up": {"uv": [0, 0, 7.5, 0.25], "texture": "#outline"},
				"down": {"uv": [0, 0, 7.5, 0.25], "texture": "#outline"}
			}
		},
		{
			"from": [0.5, 0, 15.5],
			"to": [15.5, 0.5, 16],
			"rotation": {"angle": 0, "axis": "y", "origin": [8.5, 8, 23.5]},
			"color": 0,
			"faces": {
				"north": {"uv": [0, 0, 7.5, 0.25], "texture": "#outline"},
				"east": {"uv": [0, 0, 0.25, 0.25], "texture": "#outline"},
				"south": {"uv": [0, 0, 7.5, 0.25], "texture": "#outline"},
				"west": {"uv": [0, 0, 0.25, 0.25], "texture": "#outline"},
				"up": {"uv": [0, 0, 7.5, 0.25], "texture": "#outline"},
				"down": {"uv": [0, 0, 7.5, 0.25], "texture": "#outline"}
			}
		},
		{
			"from": [0.5, 15.5, 15.5],
			"to": [15.5, 16, 16],
			"rotation": {"angle": 0, "axis": "y", "origin": [8.5, 23.5, 23.5]},
			"color": 0,
			"faces": {
				"north": {"uv": [0, 0, 7.5, 0.25], "texture": "#outline"},
				"east": {"uv": [0, 0, 0.25, 0.25], "texture": "#outline"},
				"south": {"uv": [0, 0, 7.5, 0.25], "texture": "#outline"},
				"west": {"uv": [0, 0, 0.25, 0.25], "texture": "#outline"},
				"up": {"uv": [0, 0, 7.5, 0.25], "texture": "#outline"},
				"down": {"uv": [0, 0, 7.5, 0.25], "texture": "#outline"}
			}
		},
		{
			"from": [0.5, 15.5, 0],
			"to": [15.5, 16, 0.5],
			"rotation": {"angle": 0, "axis": "y", "origin": [8.5, 23.5, 8]},
			"color": 0,
			"faces": {
				"north": {"uv": [0, 0, 7.5, 0.25], "texture": "#outline"},
				"east": {"uv": [0, 0, 0.25, 0.25], "texture": "#outline"},
				"south": {"uv": [0, 0, 7.5, 0.25], "texture": "#outline"},
				"west": {"uv": [0, 0, 0.25, 0.25], "texture": "#outline"},
				"up": {"uv": [0, 0, 7.5, 0.25], "texture": "#outline"},
				"down": {"uv": [0, 0, 7.5, 0.25], "texture": "#outline"}
			}
		},
		{
			"from": [0, 15.5, 0.5],
			"to": [0.5, 16, 15.5],
			"rotation": {"angle": 0, "axis": "y", "origin": [8, 23.5, 8.5]},
			"color": 1,
			"faces": {
				"north": {"uv": [0, 0, 0.25, 0.25], "texture": "#outline"},
				"east": {"uv": [0, 0, 7.5, 0.25], "texture": "#outline"},
				"south": {"uv": [0, 0, 0.25, 0.25], "texture": "#outline"},
				"west": {"uv": [0, 0, 7.5, 0.25], "texture": "#outline"},
				"up": {"uv": [0, 0, 0.25, 7.5], "texture": "#outline"},
				"down": {"uv": [0, 0, 0.25, 7.5], "texture": "#outline"}
			}
		},
		{
			"from": [15.5, 15.5, 0.5],
			"to": [16, 16, 15.5],
			"rotation": {"angle": 0, "axis": "y", "origin": [23.5, 23.5, 8.5]},
			"color": 1,
			"faces": {
				"north": {"uv": [0, 0, 0.25, 0.25], "texture": "#outline"},
				"east": {"uv": [0, 0, 7.5, 0.25], "texture": "#outline"},
				"south": {"uv": [0, 0, 0.25, 0.25], "texture": "#outline"},
				"west": {"uv": [0, 0, 7.5, 0.25], "texture": "#outline"},
				"up": {"uv": [0, 0, 0.25, 7.5], "texture": "#outline"},
				"down": {"uv": [0, 0, 0.25, 7.5], "texture": "#outline"}
			}
		}
	]
}